dish_number,Масса,Калорийность
1,218.0,179.89239501953125
2,218.0,123.84687042236328
3,218.0,313.9188537597656
